Workbook

Sheet Grocery Items
A1: RADS Monthly Groceries Stock Report Head Office
A2: Month of April 2026
A3: Opening Stock 1st April,2026 | B3: Balance Stock | D3: Minimum Stock to be Kept | E3: Procurement Suggestion | F3: Stock In 22nd April,2026 | J3: Stock OUT (During the Month)
B4: Product Name | C4: Balance Quantity 30thApril,2026 | G4: Product Name | H4: Quantity | I4: Status | K4: Product Name | L4: Quantity | M4: Status
A5: 27 | B5: Everyday Milk Powder(850 Grams) | C5: 34 | D5: 10 | E5: =IF(C5<D5,"Place Order","") | G5: Everyday Milk Powder(850 Grams) | H5: 20 | K5: Everyday Milk Powder(850 Grams) | L5: 13
A6: 0 | B6: White Sugar Kg | C6: 0 | D6: 3 | E6: =IF(C6<D6,"Place Order","") -> Place Order | G6: White Sugar Kg | H6: 7 | K6: White Sugar Kg | L6: 7
A7: 24 | B7: Tea Black Pkt(100 bags) | C7: 28 | D7: 3 | E7: =IF(C7<D7,"Place Order","") | G7: Tea Black Pkt(100 bags) | H7: 15 | K7: Tea Black (100 Bags) Pkt | L7: 11
A8: 4 | B8: Green Tea (30 Bags) Pkt | C8: 7 | D8: 3 | E8: =IF(C8<D8,"Place Order","") | G8: Green Tea (30 Bags) Pkt | H8: 5 | K8: Green Tea (30 Bags) Pkt | L8: 2
A9: 0 | B9: Coffee (Nescafe 200 gm) Jar | C9: 1 | D9: 1 | E9: =IF(C9<D9,"Place Order","") | G9: Coffee (Nescafe 200 gm) Jar | H9: 2 | K9: Coffee (Nescafe 200 gm) Jar | L9: 1
A10: 28 | B10: Biscuit (Half Rolls) | C10: 35 | D10: 10 | E10: =IF(C10<D10,"Place Order","") | G10: Biscuit (Half Rolls) | H10: 14 | K10: Biscuit (Half Rolls) | L10: 0
B14: ________________________ | D14: ________________________ | G14: ________________________ | K14: ________________________
B15: Prepared By | D15: Reviewed By | G15: Checked By | K15: Approved By
B16: Raja Muneeb Islam | D16: Muhammad Saadat | G16: Muhammad Hasan | K16: Zeeshan Nasar
B17: Admin & Inventory Assistant | D17: Sr. Admin Officer | G17: Finance Officer | K17: Operations Manager

Sheet Janitorial Items
C1: RADS Monthly Janitorial Items Stock Report
C2: Month of April 2026
C3: Opening Stock 1st April, 26 | D3: Balance Stock | F3: Minimum Stock to be Kept | G3: Procurement Suggestion | H3: Stock In 22nd April, 2026 | L3: Stock OUT (During Month)
D4: Product Name | E4: Balance Quantity 30th April,26 | I4: Product Name | J4: Quantity | K4: Status | M4: Product Name | N4: Quantity | O4: Status
C5: 0 | D5: Phynenyl (2.75 Lit) | E5: 0 | F5: 2 | G5: =IF(E5<F5,"Place Order","") -> Place Order | I5: Phynenyl (2.75 Lit) | J5: 1 | M5: Phynenyl (2.75 Lit) | N5: 0
C6: =J6-N6 -> 0 | D6: Broom-Phool Jharoo | E6: =C6 -> 0 | F6: 1 | G6: =IF(E6<F6,"Place Order","") -> Place Order | I6: Broom-Phool Jharoo | J6: 2 | M6: Broom-Phool Jharoo | N6: 2
C7: 6 | D7: Broom-Jharoo (Bamboo) | E7: =C7+J7-N7 -> 6 | F7: 1 | G7: =IF(E7<F7,"Place Order","") | I7: Broom-Jharoo (Bamboo) | J7: 0 | M7: Broom-Jharoo (Bamboo) | N7: 0
C8: 1 | D8: Brush Cleaning with Rode (Jala) | E8: 1 | F8: 1 | G8: =IF(E8<F8,"Place Order","") | I8: Brush Cleaning with Rode (Jala) | J8: 0 | M8: Brush Cleaning with Rode (Jala) | N8: 0
C9: 0 | D9: Duster Cloth | E9: 0 | F9: 3 | G9: =IF(E9<F9,"Place Order","") -> Place Order | I9: Duster Cloth | J9: 2 | M9: Duster Cloth | N9: 2
C10: 5 | D10: Harpic (450ml) bottle | E10: 6 | F10: 2 | G10: =IF(E10<F10,"Place Order","") | I10: Harpic (450ml) bottle | J10: 3 | M10: Harpic (450ml) bottle | N10: 2
C11: 5 | D11: Dettol Hand Wash Bottle 250ml | E11: 7 | F11: 0 | G11: =+'Janitorial Items'!N10 -> 2 | I11: Dettol Hand Wash Bottle 250ml | J11: 6 | M11: Dettol Hand Wash Bottle 250ml | N11: 4
C12: =J12-N12 -> 0 | D12: Hand Washing Soap (Large size) | E12: =C12 -> 0 | F12: 0 | G12: =IF(E12<F12,"Place Order","") | I12: Hand Washing Soap (Large size) | J12: 0 | M12: Hand Washing Soap (Large size) | N12: 0
C13: =J13-N13 -> 0 | D13: Hand Wash Liquid (750 ML) | E13: =C13 -> 0 | F13: 1 | G13: =IF(E13<F13,"Place Order","") -> Place Order | I13: Hand Wash Liquid (750 ML) | J13: 0 | M13: Hand Wash Liquid (1 Liter) | N13: 0
C14: 4 | D14: Brite Sun Spunch | E14: 4 | F14: 4 | G14: =IF(E14<F14,"Place Order","") | I14: Sun Brite | J14: 3 | M14: Sun Brite | N14: 3
C15: 8 | D15: Lemon Max (475 ML) | E15: 8 | F15: 1 | G15: =IF(E15<F15,"Place Order","") | I15: Lemon Max (475 ML) | J15: 3 | M15: Lemon Max (475 ML) | N15: 3
C16: 4 | D16: Wiper (Large size) | E16: =C16 -> 4 | F16: 1 | G16: =IF(E16<F16,"Place Order","") | I16: Wiper (Large size) | J16: 0 | M16: Wiper (Large size) | N16: 0
C17: 3 | D17: Wiper for Washroom (Small size) | E17: 3 | F17: 1 | G17: =IF(E17<F17,"Place Order","") | I17: Wiper for Washroom (Small size) | J17: 0 | M17: Wiper for Washroom (Small size) | N17: 0
C18: 1 | D18: Mop (Dry) | E18: =C18 -> 1 | F18: 1 | G18: =IF(E18<F18,"Place Order","") | I18: Mop (Dry) | J18: 0 | M18: Mop (Dry) | N18: 0
C19: 1 | D19: Mop (Wet) | E19: 1 | F19: 1 | G19: =IF(E19<F19,"Place Order","") | I19: Mop (Wet) | J19: 2 | M19: Mop (Wet) | N19: 2
C20: 3 | D20: Surf (500 GRM) Pkt | E20: 5 | F20: 3 | G20: =IF(E20<F20,"Place Order","") | I20: Surf (500 GRM) Pkt | J20: 4 | M20: Surf (500 GRM) Pkt | N20: 2
C21: 0 | D21: Sweep Tiger Bottle | E21: 0 | F21: 2 | G21: =IF(E21<F21,"Place Order","") -> Place Order | I21: Sweep Tiger Bottle | J21: 0 | M21: Sweep Tiger Bottle | N21: 0
C22: 0 | D22: Glint (500 ML) | E22: 0 | F22: 1 | G22: =IF(E22<F22,"Place Order","") -> Place Order | I22: Glint (500 ML) | J22: 1 | M22: Glint (500 ML) | N22: 1
C23: =J23-N23 -> 0 | D23: Air Freshener Bottle Pack | E23: =C23 -> 0 | F23: 2 | G23: =IF(E23<F23,"Place Order","") -> Place Order | I23: Air Freshener Bottle Pack | J23: 2 | M23: Air Freshener Bottle Pack | N23: 2
C24: 14 | D24: Air Freshner (Air Wick) | E24: 13 | F24: 4 | G24: =IF(E24<F24,"Place Order","") | I24: Air Freshner (Air Wick) | J24: 0 | M24: Air Freshner (Air Wick) | N24: 1
C25: 0 | D25: Mortien Spray | E25: 0 | F25: 2 | G25: =IF(E25<F25,"Place Order","") -> Place Order | I25: Mortien Spray | J25: 0 | M25: Mortien Spray | N25: 0
C26: =J26-N26 -> 0 | D26: Disposable Glass | E26: =C26 -> 0 | F26: 150 | G26: =IF(E26<F26,"Place Order","") -> Place Order | I26: Disposable Glass | J26: 0 | M26: Disposable Glass | N26: 0
C27: 5 | D27: Tissue Box Rose Petal Box | E27: 7 | F27: 10 | G27: =IF(E27<F27,"Place Order","") -> Place Order | I27: Tissue Box Rose Petal Box | J27: 10 | M27: Tissue Box Rose Petal Box | N27: 8
C28: 114 | D28: Toilet Roll Tissues Roll Pack | E28: 154 | F28: 100 | G28: =IF(E28<F28,"Place Order","") | I28: Toilet Roll Tissues Roll Pack | J28: 150 | M28: Toilet Roll Tissues Roll Pack | N28: 110
C29: =J29-N29 -> 0 | D29: Towel (Medium) | E29: =C29 -> 0 | F29: 1 | G29: =IF(E29<F29,"Place Order","") -> Place Order | I29: Towel (Medium) | J29: 0 | M29: Towel (Medium) | N29: 0
C30: 0 | D30: Dust Bin | E30: 0 | F30: 1 | G30: =IF(E30<F30,"Place Order","") -> Place Order | I30: Dust Bin | J30: 0 | M30: Dust Bin | N30: 0
C31: 1 | D31: Garbage Bag (size 20" x 24") | E31: 3 | F31: 2 | G31: =IF(E31<F31,"Place Order","") | I31: Dust Bin Bags (size 20" x 24") | J31: 4 | M31: Dust Bin Bags (size 20" x 24") | N31: 2
C32: 6 | D32: Garbage Bags (20" x 30") | E32: 7 | F32: 1 | G32: =IF(E32<F32,"Place Order","") | I32: Garbage Bags (20" x 30") | J32: 5 | M32: Garbage Bags (20" x 30") | N32: 4
C33: 3 | D33: Garbage Bags (22" x 32") | E33: 5 | I33: Garbage Bags (22" x 32") | J33: 5 | M33: Garbage Bags (22" x 32") | N33: 3
C34: =J34-N34 -> 0 | D34: Dust Pan | E34: 0 | F34: 1 | G34: =IF(E34<F34,"Place Order","") -> Place Order | I34: Dust Pan | J34: 0 | M34: Dust Pan | N34: 0
C35: 0 | D35: Toilet Brush | E35: 0 | F35: 3 | G35: =IF(E35<F35,"Place Order","") -> Place Order | I35: Toilet Brush | J35: 1 | M35: Toilet Brush | N35: 1
C36: 1 | D36: Dettol Surface Cleaner 1Ltr | E36: 1 | F36: 1 | G36: =IF(E36<F36,"Place Order","") | I36: Dettol Surface Cleaner 1Ltr | J36: 0 | M36: Dettol Surface Cleaner 1Ltr | N36: 0
C37: 1 | D37: Anti Dust Broom (Brush)Cleaner | E37: 1 | F37: 1 | I37: Anti Dust Broom (Brush)Cleaner | J37: 2 | M37: Anti Dust Broom (Brush)Cleaner | N37: 2
C38: 0 | D38: Window Cleaning Brush | E38: 0 | F38: 1 | I38: Window cleaning brush | J38: 1 | M38: Multi Purpose Cleaner( window cleaning brush) | N38: 1
C39: 2 | D39: Toilet Plunger | E39: 2 | F39: 2 | G39: =IF(E39<F39,"Place Order","") | I39: Toilet Plunger | J39: 0 | M39: Toilet Plunger | N39: 0
D45: ________________________ | F45: ________________________ | I45: ________________________ | M45: ________________________
D46: Prepared By | F46: Reviewed By | I46: Checked By | M46: Approved By
D47: Raja Muneeb Islam | F47: Muhammad Saadat | I47: Muhammad Hasan | M47: Zeeshan Nasar
D48: Admin & Inventory Assistant | F48: Sr. Admin Officer | I48: Finance Officer | M48: Operations Manager

Sheet Stationery Items Stock Sheet 
A1: RADS Monthly Stationery Stock Report
A2: RADS Monthly Stationary Items Stock Report
A3: Month of April 2026
A4: Opening Stock 1st April,2026 | B4: Balance Stock | D4: Minimum Stock to be Kept | E4: Procurement Sugestions | F4: Stock IN 22nd April,2026 | J4: Stock Out (During Month)
B5: Product Name | C5: Balance Quantity 30th April,2026 | G5: Product Name | H5: Quantity | I5: Status | K5: Product Name | L5: Quantity | M5: Status
A6: 163 | B6: AHKF Card Folder A/4 | C6: 144 | D6: 25 | E6: =IF(C6<D6,"Place Order","") | G6: AHKF Card Folder A/4 | H6: 0 | K6: AHKF Card Folder A/4 | L6: 19
A7: 300 | B7: AHKF Envelopes A/4 | C7: 300 | D7: 25 | E7: =IF(C7<D7,"Place Order","") | G7: AHKF Envelopes A/4 | H7: 0 | K7: AHKF Envelopes A/4 | L7: 0
A8: 0 | B8: AHKF Envelopes A/5 | C8: =A8+H8-L8 -> 0 | D8: 25 | E8: =IF(C8<D8,"Place Order","") -> Place Order | G8: AHKF Envelopes A/5 | H8: 0 | K8: AHKF Envelopes A/5 | L8: 0
A9: 310 | B9: AHKF Envelopes L/S | C9: =A9+H9-L9 -> 310 | D9: 25 | E9: =IF(C9<D9,"Place Order","") | G9: AHKF Envelopes L/S | H9: 0 | K9: AHKF Envelopes L/S | L9: 0
A10: 0 | B10: AHKRC Card Folder A/4 | C10: =A10+H10-L10 -> 0 | D10: 25 | E10: =IF(C10<D10,"Place Order","") -> Place Order | G10: AHKRC Card Folder A/4 | H10: 0 | K10: AHKRC Card Folder A/4 | L10: 0
A11: 7 | B11: AHKF Diary (New) | C11: 6 | D11: 0 | E11: =IF(C11<D11,"Place Order","") | G11: AHKF Diary (New) | H11: 0 | K11: AHKF Diary (New) | L11: 1
A12: 351 | B12: AHKRC Envelopes A/4 | C12: 351 | D12: 25 | E12: =IF(C12<D12,"Place Order","") | G12: AHKRC Envelopes A/4 | H12: 0 | K12: AHKRC Envelopes A/4 | L12: 0
A13: 300 | B13: AHKRC Envelopes A/5 | C13: =A13+H13-L13 -> 300 | D13: 25 | E13: =IF(C13<D13,"Place Order","") | G13: AHKRC Envelopes A/5 | H13: 0 | K13: AHKRC Envelopes A/5 | L13: 0
A14: 0 | B14: AHKRC Envelopes L/S | C14: 0 | D14: 25 | E14: =IF(C14<D14,"Place Order","") -> Place Order | G14: AHKRC Envelopes L/S | H14: 0 | K14: AHKRC Envelopes L/S | L14: 0
A15: 6 | B15: Arrow Flags | C15: 6 | D15: 3 | E15: =IF(C15<D15,"Place Order","") | G15: Arrow Flags | H15: 0 | K15: Arrow Flags | L15: 0
A16: 0 | B16: Ball Point | C16: 0 | D16: 50 | E16: =IF(C16<D16,"Place Order","") -> Place Order | G16: Ball Point | H16: 0 | K16: Ball Point | L16: 0
A17: 40 | B17: Ball Point (Piano) | C17: 50 | D17: 0 | E17: =IF(C17<D17,"Place Order","") | G17: Ball Point (Piano) | H17: 20 | K17: Ball Point (Piano) | L17: 10
A18: 4 | B18: Binder clips (Large) Nos | C18: 0 | D18: 10 | E18: =IF(C18<D18,"Place Order","") -> Place Order | G18: Binder clips (Large) | H18: 0 | K18: Binder clips (Large) | L18: 4
A19: 14 | B19: Binder clips (Medium) Nos | C19: =A19+H19-L19 -> 14 | D19: 2 | E19: =IF(C19<D19,"Place Order","") | G19: Binder clips (Medium) | H19: 0 | K19: Binder clips (Medium) | L19: 0
A20: 20 | B20: Binder clips (Small) Nos | C20: 20 | D20: 10 | E20: =IF(C20<D20,"Place Order","") | G20: Binder clips (Small) | H20: 0 | K20: Binder clips (Small) | L20: 0
A21: 0 | B21: Binding Tape (2") | C21: 0 | D21: 3 | E21: =IF(C21<D21,"Place Order","") -> Place Order | G21: Binding Tape (2") | H21: 0 | K21: Binding Tape (2") | L21: 0
A22: 0 | B22: Board Eraser | C22: 0 | D22: 1 | E22: =IF(C22<D22,"Place Order","") -> Place Order | G22: Board Eraser | H22: 0 | K22: Board Eraser | L22: 0
A23: 111 | B23: Board Marker | C23: 111 | D23: 20 | E23: =IF(C23<D23,"Place Order","") | G23: Board Marker | H23: 0 | K23: Board Marker | L23: 0
A24: 8 | B24: Box File | C24: 15 | D24: 6 | E24: =IF(C24<D24,"Place Order","") | G24: Box File | H24: 10 | K24: Box File | L24: 3
A25: 1 | B25: Calculator (Casio)(Medium) | C25: =A25+H25-L25 -> 1 | D25: 0 | E25: =IF(C25<D25,"Place Order","") | G25: Calculator (Casio)(Medium) | H25: 0 | K25: Calculator (Casio)(Medium) | L25: 0
A26: 1 | B26: Calculator (Citizen) | C26: 1 | D26: 1 | E26: =IF(C26<D26,"Place Order","") | G26: Calculator (Citizen) | H26: 0 | K26: Calculator (Citizen) | L26: 1
A27: 3 | B27: Carbon Paper (Pkt) | C27: =A27+H27-L27 -> 3 | D27: 2 | E27: =IF(C27<D27,"Place Order","") | G27: Carbon Paper (Pkt) | H27: 0 | K27: Carbon Paper (Pkt) | L27: 0
A28: 8 | B28: Color Page (A/4) Pkt | C28: 8 | D28: 5 | E28: =IF(C28<D28,"Place Order","") | G28: Color Page (A/4) Pkt | H28: 0 | K28: Color Page (A/4) Pkt | L28: 0
A29: 1 | B29: Double Tape | C29: 2 | D29: 3 | E29: =IF(C29<D29,"Place Order","") -> Place Order | G29: Double Tape | H29: 2 | K29: Double Tape | L29: 1
A30: 0 | B30: Envelopes White (A/4) | C30: 29 | D30: 25 | E30: =IF(C30<D30,"Place Order","") | G30: Envelopes White (A/4) | H30: 29 | K30: Envelopes White (A/4) | L30: 0
A31: 30 | B31: Envelopes White (A/5) | C31: 30 | D31: 25 | E31: =IF(C31<D31,"Place Order","") | G31: Envelopes White (A/5) | H31: 0 | K31: Envelopes White (A/5) | L31: 0
A32: 30 | B32: Envelopes White (L/S) | C32: 200 | D32: 25 | E32: =IF(C32<D32,"Place Order","") | G32: Envelopes White (L/S) | H32: 170 | K32: Envelopes White (L/S) | L32: 0
A33: 62 | B33: Eraser | C33: 62 | D33: 10 | E33: =IF(C33<D33,"Place Order","") | G33: Eraser | H33: 0 | K33: Eraser | L33: 0
A34: 2 | B34: File Folder (Button Plastic) | C34: 2 | D34: 3 | E34: =IF(C34<D34,"Place Order","") -> Place Order | G34: File Folder (Button Plastic) | H34: 0 | K34: File Folder (Button Plastic) | L34: 0
A35: 34 | B35: Highlighter Pen | C35: 34 | D35: 2 | E35: =IF(C35<D35,"Place Order","") | G35: Highlighter Pen | H35: 0 | K35: Highlighter Pen | L35: 0
A36: 0 | B36: Ink Pot | C36: 0 | D36: 1 | E36: =IF(C36<D36,"Place Order","") -> Place Order | G36: Ink Pot | H36: 0 | K36: Ink Pot | L36: 0
A37: 3 | B37: Inkpad | C37: 3 | D37: 1 | E37: =IF(C37<D37,"Place Order","") | G37: Inkpad | H37: 0 | K37: Inkpad | L37: 0
A38: 12 | B38: Led Pencil | C38: 12 | D38: 10 | E38: =IF(C38<D38,"Place Order","") | G38: Led Pencil | H38: 0 | K38: Led Pencil | L38: 0
A39: 2 | B39: Letter Dispatched Register | C39: 2 | D39: 1 | E39: =IF(C39<D39,"Place Order","") | G39: Letter Dispatched Register | H39: 0 | K39: Letter Dispatched Register | L39: 0
... A45: 1 | B45: Packing Tape (2") | C45: 1 | D45: 1 | E45: =IF(C45<D45,"Place Order","") | G45: Packing Tape (2") | H45: 1 | K45: Packing Tape (2") | L45: 1
A46: 0 | B46: Note pad (RADS Printed) | C46: =A46+H46-L46 -> 0 | D46: 0 | E46: =IF(C46<D46,"Place Order","") | G46: Note pad (RADS Printed) | H46: 0 | K46: Note pad (RADS Printed) | L46: 0
A47: 11 | B47: Paper clip (30 mm) PKT | C47: 11 | D47: 2 | E47: =IF(C47<D47,"Place Order","") | G47: Paper clip (30 mm) | H47: 0 | K47: Paper clip (30 mm) | L47: 0
A48: 0 | B48: Paper cutter | C48: 0 | D48: 1 | E48: =IF(C48<D48,"Place Order","") -> Place Order | G48: Paper cutter | H48: 0 | K48: Paper cutter | L48: 0
A49: 2 | B49: Paper Rim A/4 (AA) 80 Grm | C49: 4 | D49: 5 | E49: =IF(C49<D49,"Place Order","") -> Place Order | G49: Paper Rim A/4 (AA) 80 Grm | H49: 2 | K49: Paper Rim A/4 (AA) 80 Grm | L49: 0
A50: 4 | B50: Paper Rim A/4 (AA) 70 Grm | C50: 6 | G50: Paper Rim A/4 (AA) 70 Grm | H50: 8 | K50: Paper Rim A/4 (AA) 70 Grm | L50: 5
A51: 170 | B51: Permanent Marker | C51: 170 | D51: 12 | E51: =IF(C51<D51,"Place Order","") | G51: Permanent Marker | H51: 0 | K51: Permanent Marker | L51: 0
A52: 8 | B52: Punch Machine | C52: 8 | D52: 2 | E52: =IF(C52<D52,"Place Order","") | G52: Punch Machine | H52: 0 | K52: Punch Machine | L52: 0
A53: 65 | B53: RADS Card Folder A/4 | C53: 65 | D53: 10 | E53: =IF(C53<D53,"Place Order","") | G53: RADS Card Folder A/4 | H53: 0 | K53: RADS Card Folder A/4 | L53: 0
A54: 290 | B54: RADS Envelopes A/4 | C54: 290 | D54: 25 | E54: =IF(C54<D54,"Place Order","") | G54: RADS Envelopes A/4 | H54: 0 | K54: RADS Envelopes A/4 | L54: 0
A55: 250 | B55: RADS Envelopes A/5 | C55: 250 | D55: 25 | E55: =IF(C55<D55,"Place Order","") | G55: RADS Envelopes A/5 | H55: 0 | K55: RADS Envelopes A/5 | L55: 0
A56: 350 | B56: RADS Envelopes L/H | C56: 350 | D56: 25 | E56: =IF(C56<D56,"Place Order","") | G56: RADS Envelopes L/H | H56: 0 | K56: RADS Envelopes L/H | L56: 0
A57: 23 | B57: RADS Diary (New) | C57: 21 | D57: 0 | E57: =IF(C57<D57,"Place Order","") | G57: RADS Diary (New) | H57: 0 | K57: RADS Diary (New) | L57: 2
A58: 4 | B58: Register Offset | C58: =A58+H58-L58 -> 4 | D58: 1 | E58: =IF(C58<D58,"Place Order","") | G58: Register Offset | H58: 0 | K58: Register Offset | L58: 0
A59: 4 | B59: Rubber Band (Boxes) Each box contains 100 pcs | C59: 4 | D59: 1 | E59: =IF(C59<D59,"Place Order","") | G59: Rubber Band | H59: 0 | K59: Rubber Band | L59: 0
A60: 0 | B60: Scale (Steel) | C60: 0 | D60: 1 | E60: =IF(C60<D60,"Place Order","") -> Place Order | G60: Scale (Steel) | H60: 0 | K60: Scale (Steel) | L60: 0
A61: 0 | B61: Scissor | C61: =A61+H61-L61 -> 0 | D61: 1 | E61: =IF(C61<D61,"Place Order","") -> Place Order | G61: Scissor | H61: 0 | K61: Scissor | L61: 0
A62: 4 | B62: Scotch Tape (1") | C62: 3 | D62: 2 | E62: =IF(C62<D62,"Place Order","") | G62: Scotch Tape (1") | H62: 0 | K62: Scotch Tape (1") | L62: 1
A63: 12 | B63: Scotch Tape (2") | C63: 10 | D63: 2 | E63: =IF(C63<D63,"Place Order","") | G63: Scotch Tape (2") | H63: 0 | K63: Scotch Tape (2") | L63: 2
A64: 9 | B64: Scotch Tape (Small) | C64: 9 | D64: 2 | E64: =IF(C64<D64,"Place Order","") | G64: Scotch Tape (Small) | H64: 0 | K64: Scotch Tape (Small) | L64: 0
A65: 8 | B65: Seperator Set | C65: 15 | D65: 3 | E65: =IF(C65<D65,"Place Order","") | G65: Seperator Set | H65: 10 | K65: Seperator Set | L65: 3
A66: 59 | B66: Sharpner | C66: 59 | D66: 6 | E66: =IF(C66<D66,"Place Order","") | G66: Sharpner | H66: 0 | K66: Sharpner | L66: 0
A67: 3 | B67: Staple pin remover (0508) | C67: 3 | D67: 3 | E67: =IF(C67<D67,"Place Order","") | G67: Staple pin remover (0508) | H67: 0 | K67: Staple pin remover (0508) | L67: 0
A68: 6 | B68: Staple pin remover (small) | C68: 6 | D68: 2 | E68: =IF(C68<D68,"Place Order","") | G68: Staple pin remover (small) | H68: 0 | K68: Staple pin remover (small) | L68: 0
A69: 0 | B69: Stapler (Heavy duty) | C69: =A69+H69-L69 -> 0 | D69: 0 | E69: =IF(C69<D69,"Place Order","") | G69: Stapler (Heavy duty) | H69: 0 | K69: Stapler (Heavy duty) | L69: 0
A70: 13 | B70: Stapler Machine | C70: 13 | D70: 2 | E70: =IF(C70<D70,"Place Order","") | G70: Stapler Machine | H70: 0 | K70: Stapler Machine | L70: 0
A71: 5 | B71: Stapler Pin (Dollar)(Size: 24/6) Remaining 9 little pkts=1 box each box contain 10 little boxes(1000staples) | C71: 3 | D71: 6 | E71: =IF(C71<D71,"Place Order","") -> Place Order | G71: Stapler Pin (Dollar)(Size: 24/6) | H71: 0 | K71: Stapler Pin (Dollar)(Size: 24/6) | L71: 2
A72: 2 | B72: Stationery Register | C72: =A72+H72-L72 -> 2 | D72: 1 | E72: =IF(C72<D72,"Place Order","") | G72: Stationery Register | H72: 0 | K72: Stationery Register | L72: 0
A73: 0 | B73: Sticky Note (3x1) | C73: =A73+H73-L73 -> 0 | D73: 2 | E73: =IF(C73<D73,"Place Order","") -> Place Order | G73: Sticky Note (3x1) | H73: 0 | K73: Sticky Note (3x1) | L73: 0
A74: 42 | B74: Sticky Note (3x3) | C74: 40 | D74: 5 | E74: =IF(C74<D74,"Place Order","") | G74: Sticky Note (3x3) | H74: 0 | K74: Sticky Note (3x3) | L74: 2
A75: 5 | B75: Push pins (5 boxes/pkts each contains 100 pcs) | C75: 5 | D75: 2 | E75: =IF(C75<D75,"Place Order","") | G75: Push pins | H75: 0 | K75: Push pins | L75: 0
A76: 10 | B76: Thumb pins/Drawing pins (11 boxes/pkts) | C76: 10 | D76: 2 | E76: =IF(C76<D76,"Place Order","") | G76: Thumb pins | H76: 0 | K76: Thumb pins | L76: 0
A77: 0 | B77: UHU Stick (65 ml) | C77: 0 | D77: 2 | E77: =IF(C77<D77,"Place Order","") -> Place Order | G77: UHU Stick (21 gm) | H77: 0 | K77: UHU Stick (21 gm) | L77: 0
A78: 1 | B78: UHU Stick (Small) (35 ml) | C78: 1 | D78: 1 | E78: =IF(C78<D78,"Place Order","") | G78: UHU Stick (Small) | H78: 0 | K78: UHU Stick (Small) | L78: 0
A79: 5 | B79: Vehicle Log Book | C79: 5 | D79: 1 | E79: =IF(C79<D79,"Place Order","") | G79: Vehicle Log Book | H79: 0 | K79: Vehicle Log Book | L79: 0
A80: 9 | B80: Whitner (Correction Pen) | C80: 8 | D80: 5 | E80: =IF(C80<D80,"Place Order","") | G80: Whitner (Correction Pen) | H80: 0 | K80: Whitner (Correction Pen) | L80: 1
A81: 54 | B81: AHKF Notepad | C81: 54 | G81: AHKF Notepad | H81: 0 | K81: AHKF Notepad | L81: 0
A82: 95 | B82: Writing Pad (Small) | C82: 95 | D82: 10 | E82: =IF(C82<D82,"Place Order","") | G82: Writing Pad (Small) | H82: 0 | K82: Writing Pad (Small) | L82: 0
A83: 1 | B83: Glue Stick (15g) | C83: 1 | D83: 2 | E83: =IF(C83<D83,"Place Order","") -> Place Order | G83: Glue Stick (15g) | H83: 2 | K83: Glue Stick (15g) | L83: 2
A84: 335 | B84: Andaz e Hunar | C84: 335 | G84: Andaz e Hunar | H84: 0 | K84: Andaz e Hunar | L84: 0
B86: ________________________ | D86: ________________________ | G86: ________________________ | K86: ________________________
B87: Prepared By | D87: Reviewed By | G87: Checked By | K87: Approved By
B88: Raja Muneeb Islam | D88: Muhammad Saadat | G88: Muhammad Hasan | K88: Zeeshan Nasar
B89: Admin & Inventory Assistant | D89: Sr. Admin Officer | G89: Finance Officer | K89: Operations Manager
F100: =34-13 -> 21 | G100: 34 | H100: 13

Sheet Monthly Cost Breakup
A1: RADS Monthly Breakup of Office Supplies (Head Office)
A2: April, 2026
A3: Groceries M/O April 2026 | F3: Janitorial M/O April,2026 | K3: Stationery M/O April,2026
A4: Product Name | B4: Quantity | C4: Unit Price | D4: Total Cost | F4: Product Name | G4: Quantity | H4: Unit Price | I4: Total Cost | K4: Product Name | L4: Quantity | M4: Unit Price | N4: Total Cost
A5: Everyday Milk Powder(850 Grams) | B5: =+'Grocery Items'!L5 -> 13 | C5: 1649 | D5: =C5*B5 -> 21437 | F5: Phynenyl (2.75 Lit) | G5: =+'Janitorial Items'!N5 -> 0 | H5: 481 | I5: =H5*G5 -> 0 | K5: AHKF Card Folder A/4 | L5: 0 | M5: 112 | N5: =M5*L5 -> 0
A6: White Sugar Kg | B6: =+'Grocery Items'!L6 -> 7 | C6: 151 | D6: =C6*B6 -> 1057 | F6: Broom-Phool Jharoo | G6: =+'Janitorial Items'!N6 -> 2 | H6: 300 | I6: =H6*G6 -> 600 | K6: AHKF Envelopes A/4 | L6: =+'Stationery Items Stock Sheet '!L7 -> 0 | M6: 20 | N6: =M6*L6 -> 0
A7: Tea Black (100 Bags) Pkt | B7: =+'Grocery Items'!L7 -> 11 | C7: 1152 | D7: =C7*B7 -> 12672 | F7: Brush Cleaning with Rode (Jala) | G7: =+'Janitorial Items'!N8 -> 0 | H7: 400 | I7: =H7*G7 -> 0 | K7: AHKF Envelopes L/S | L7: =+'Stationery Items Stock Sheet '!L9 -> 0 | M7: 12 | N7: =M7*L7 -> 0
A9: Green Tea (25 Bags) Pkt | B9: =+'Grocery Items'!L8 -> 2 | C9: 245 | D9: =C9*B9 -> 490 | F9: Duster Cloth | G9: =+'Janitorial Items'!N9 -> 2 | H9: 400 | I9: =H9*G9 -> 800 | K9: AHKRC Card Folder A/4 | L9: 0 | M9: 20 | N9: =M9*L9 -> 0
A10: Coffee (Nescafe 100 gm) Jar | B10: 1 | C10: 1954
A11: Coffee (Nescafe 200 gm) Jar | B11: =+'Grocery Items'!L9 -> 1 | C11: 3708 | D11: 3708 | F11: Harpic (450 ml) bottle | G11: =+'Janitorial Items'!N10 -> 2 | H11: 470 | I11: =H11*G11 -> 940 | K11: AHKRC Envelopes A/4 | L11: 0 | M11: 20 | N11: =M11*L11 -> 0
A12: Biscuit (Half Rolls) | B12: =+'Grocery Items'!L10 -> 0 | C12: 40 | D12: =C12*B12 -> 0 | F12: Hand Washing Soap (Large size) | G12: =+'Janitorial Items'!N12 -> 0 | H12: 128.32 | I12: =H12*G12 -> 0 | K12: AHKRC Envelopes F/5 | L12: =+'Stationery Items Stock Sheet '!L13 -> 0 | M12: 30 | N12: =M12*L12 -> 0
A13: Grand total | D13: =SUM(D5:D12) -> 39364 | F13: Dettol Hand Wash Liquid (250 ml) | G13: 6 | H13: 536 | I13: =H13*G13 -> 3216 | K13: AHKRC Envelopes L/S | L13: =+'Stationery Items Stock Sheet '!L14 -> 0 | M13: 12 | N13: =M13*L13 -> 0
F14: Sun Brite | G14: =+'Janitorial Items'!N14 -> 3 | H14: 296 | I14: =H14*G14 -> 888 | K14: Arrow Flags | L14: =+'Stationery Items Stock Sheet '!L15 -> 0 | M14: 90 | N14: =M14*L14 -> 0
F15: Lemon Max (475 ML) | G15: =+'Janitorial Items'!N15 -> 3 | H15: 251 | I15: =H15*G15 -> 753 | K15: Ball Point | L15: =+'Stationery Items Stock Sheet '!L16 -> 0 | M15: 15 | N15: =M15*L15 -> 0
F16: Wiper (Large size) | G16: =+'Janitorial Items'!N16 -> 0 | H16: 1202.01 | I16: =H16*G16 -> 0 | K16: Ball Point (Piano) | L16: =+'Stationery Items Stock Sheet '!L17 -> 10 | M16: 15 | N16: =M16*L16 -> 150
F17: Wiper for Washroom (Small size) | G17: =+'Janitorial Items'!N17 -> 0 | H17: 500 | I17: =H17*G17 -> 0 | K17: Binder clips (Large) | L17: =+'Stationery Items Stock Sheet '!L18 -> 4 | M17: 75 | N17: =M17*L17 -> 300
F18: Mop (Dry) | G18: =+'Janitorial Items'!N18 -> 0 | H18: 1151.88 | I18: =H18*G18 -> 0 | K18: Binder clips (Medium) | L18: =+'Stationery Items Stock Sheet '!L19 -> 0 | M18: 45 | N18: =M18*L18 -> 0
F19: Mop (Wet) refill | G19: =+'Janitorial Items'!N19 -> 2 | H19: 400 | I19: =H19*G19 -> 800 | K19: Binder clips (Small) | L19: =+'Stationery Items Stock Sheet '!L20 -> 0 | M19: 20 | N19: =M19*L19 -> 0
F20: Surf (500 GRM) Pkt | G20: =+'Janitorial Items'!N20 -> 2 | H20: 271 | I20: =H20*G20 -> 542 | K20: Binding Tape (2") | L20: =+'Stationery Items Stock Sheet '!L21 -> 0 | M20: 160 | N20: =M20*L20 -> 0
C21: =296+296 -> 592 | F21: Sweep Tiger Bottle | G21: =+'Janitorial Items'!N21 -> 0 | H21: 54.14 | I21: =H21*G21 -> 0 | K21: Board Eraser | L21: =+'Stationery Items Stock Sheet '!L22 -> 0 | M21: 80 | N21: =M21*L21 -> 0
F22: Glint (500 ML) | G22: =+'Janitorial Items'!N22 -> 1 | H22: 551 | I22: =H22*G22 -> 551 | K22: Board Marker | L22: =+'Stationery Items Stock Sheet '!L23 -> 0 | M22: 50 | N22: =M22*L22 -> 0
F23: Air Freshener Bottle Pack | G23: =+'Janitorial Items'!N23 -> 2 | H23: 672 | I23: =H23*G23 -> 1344 | N23: =M23*L23 -> 0
F24: Air Freshner (Air Wick) | G24: =+'Janitorial Items'!N24 -> 1 | H24: 1001.5 | I24: =H24*G24 -> 1001.5 | K24: Box File (Blue color) | L24: 2 | M24: 350 | N24: =M24*L24 -> 700
K25: Calculator (Casio)(Medium) | L25: 0 | M25: 1000 | N25: =M25*L25 -> 0
F26: Mortien Spray | G26: =+'Janitorial Items'!N25 -> 0 | H26: 1200 | I26: =H26*G26 -> 0 | K26: Calculator (Citizen) | L26: =+'Stationery Items Stock Sheet '!L26 -> 1 | M26: 800 | N26: =M26*L26 -> 800
F27: Disposable Glass | G27: =+'Janitorial Items'!N26 -> 0 | H27: 10 | I27: =H27*G27 -> 0 | K27: Carbon Paper (Pkt) | L27: =+'Stationery Items Stock Sheet '!L27 -> 0 | M27: 120 | N27: =M27*L27 -> 0
F28: Tissue Box Rose Petal Box | G28: =+'Janitorial Items'!N27 -> 8 | H28: 200 | I28: =H28*G28 -> 1600 | K28: Color Page (A/4) Pkt | L28: =+'Stationery Items Stock Sheet '!L28 -> 0 | M28: 440 | N28: =M28*L28 -> 0
F29: Toilet Roll Tissues Roll Pack each contain 10 | G29: 5 | H29: 962 | I29: =H29*G29 -> 4810 | K29: Double Tape | L29: =+'Stationery Items Stock Sheet '!L29 -> 1 | M29: 300 | N29: =M29*L29 -> 300
F30: Towel (Medium) | G30: =+'Janitorial Items'!N29 -> 0 | H30: 801 | I30: =H30*G30 -> 0 | K30: Envelopes White (A/4) | L30: =+'Stationery Items Stock Sheet '!L30 -> 0 | M30: 12 | N30: =M30*L30 -> 0
F31: Dust Bin | G31: =+'Janitorial Items'!N30 -> 0 | H31: 500 | I31: =H31*G31 -> 0 | K31: Envelopes White (A/5) | L31: =+'Stationery Items Stock Sheet '!L31 -> 0 | M31: 20 | N31: =M31*L31 -> 0
K32: Envelopes White (L/S) | L32: =+'Stationery Items Stock Sheet '!L32 -> 0 | M32: 5 | N32: =M32*L32 -> 0
F33: Garbage Bags ("22*32, 20*30, 20*24") | G33: 9 | H33: 276 | I33: 2484 | N33: =M33*L33 -> 0
F34: Dust Pan | G34: =+'Janitorial Items'!N34 -> 0 | H34: 200 | I34: =H34*G34 -> 0 | K34: Eraser | L34: =+'Stationery Items Stock Sheet '!L33 -> 0 | M34: 15 | N34: =M34*L34 -> 0
F35: Tulip Toillet Brust with Box | G35: =+'Janitorial Items'!N35 -> 1 | H35: 411 | I35: =H35*G35 -> 411 | K35: File Folder (Button Plastic) | L35: =+'Stationery Items Stock Sheet '!L34 -> 0 | M35: 20 | N35: =M35*L35 -> 0
F36: Dettol Surface Cleaner (Multi Clean) | G36: 0 | H36: 1549 | I36: -
F37: Anti Dust Broom | G37: 2 | H37: 2286 | I37: 4572
F38: Window cleaning wiper/ brush with steel handle | G38: 0 | H38: 1353.38 | I38: -
F39: Toilet Plunger | G39: =+'Janitorial Items'!N39 -> 0 | H39: 460.15 | I39: =H39*G39 -> 0
F40: Grand Total | I40: =SUM(I5:I39) -> 25312.5
K46: Highlighter Pen | L46: =+'Stationery Items Stock Sheet '!L35 -> 0 | M46: 150 | N46: =M46*L46 -> 0
K47: Ink Pot | L47: =+'Stationery Items Stock Sheet '!L36 -> 0 | M47: 50 | N47: =M47*L47 -> 0
K48: Inkpad | L48: =+'Stationery Items Stock Sheet '!L37 -> 0 | M48: 50 | N48: =M48*L48 -> 0
K49: Led Pencil | L49: =+'Stationery Items Stock Sheet '!L38 -> 0 | M49: 18 | N49: =M49*L49 -> 0
K50: Letter Dispatched Register | L50: =+'Stationery Items Stock Sheet '!L39 -> 0 | M50: 480 | N50: =M50*L50 -> 0
K51: Letter Receiving Register | L51: =+'Stationery Items Stock Sheet '!L40 -> 0 | M51: 480 | N51: =M51*L51 -> 0
K52: Marker (Tempo) | L52: =+'Stationery Items Stock Sheet '!L41 -> 0 | M52: 30 | N52: =M52*L52 -> 0
K53: Masking Paper Tape (1") | L53: =+'Stationery Items Stock Sheet '!L42 -> 0 | M53: 75 | N53: =M53*L53 -> 0
K54: Masking Paper Tape (2") | L54: =+'Stationery Items Stock Sheet '!L43 -> 0 | M54: 150 | N54: =M54*L54 -> 0
K55: Masking Paper Tape (5") | L55: =+'Stationery Items Stock Sheet '!L44 -> 0 | M55: 250 | N55: =M55*L55 -> 0
K56: Note pad (RADS Printed) | L56: =+'Stationery Items Stock Sheet '!L46 -> 0 | M56: 300 | N56: =M56*L56 -> 0
K57: Paper clip (30 mm) | L57: =+'Stationery Items Stock Sheet '!L47 -> 0 | M57: 50 | N57: =M57*L57 -> 0
K58: Paper cutter | L58: =+'Stationery Items Stock Sheet '!L48 -> 0 | M58: 70 | N58: =M58*L58 -> 0
K59: Paper Rim A/4 (AA) 80 Grm | L59: 8 | M59: 1450 | N59: =M59*L59 -> 11600
N60: =M60*L60 -> 0
K61: Permanent Marker | L61: =+'Stationery Items Stock Sheet '!L51 -> 0 | M61: 60 | N61: =M61*L61 -> 0
K62: Punch Machine | L62: =+'Stationery Items Stock Sheet '!L52 -> 0 | M62: 350 | N62: =M62*L62 -> 0
K63: RADS Card Folder A/4 | L63: =+'Stationery Items Stock Sheet '!L53 -> 0 | M63: 112 | N63: =M63*L63 -> 0
K64: RADS Envelopes A/4 | L64: =+'Stationery Items Stock Sheet '!L54 -> 0 | M64: 20 | N64: =M64*L64 -> 0
K65: RADS Envelopes F/5 | L65: =+'Stationery Items Stock Sheet '!L55 -> 0 | M65: 30 | N65: =M65*L65 -> 0
K66: RADS Envelopes L/S | L66: =+'Stationery Items Stock Sheet '!L56 -> 0 | M66: 290 | N66: =M66*L66 -> 0
K68: Register Offset | L68: =+'Stationery Items Stock Sheet '!L58 -> 0 | M68: 480 | N68: =M68*L68 -> 0
K69: Rubber Band | L69: =+'Stationery Items Stock Sheet '!L59 -> 0 | M69: 80 | N69: =M69*L69 -> 0
K70: Scale (Steel) | L70: =+'Stationery Items Stock Sheet '!L60 -> 0 | M70: 90 | N70: =M70*L70 -> 0
K71: Scissor | L71: =+'Stationery Items Stock Sheet '!L61 -> 0 | M71: 60 | N71: =M71*L71 -> 0
K72: Scotch Tape (2") | L72: =+'Stationery Items Stock Sheet '!L62 -> 1 | M72: 75 | N72: =M72*L72 -> 75
K73: Scotch Tape (5") | L73: =+'Stationery Items Stock Sheet '!L63 -> 2 | M73: 145 | N73: =M73*L73 -> 290
... K84: Sticky Note (3x3) | L84: =+'Stationery Items Stock Sheet '!L74 -> 2 | M84: 100 | N84: =M84*L84 -> 200
K85: Thumb pins | L85: =+'Stationery Items Stock Sheet '!L76 -> 0 | M85: 50 | N85: =M85*L85 -> 0
K86: UHU Stick (21 gm) | L86: =+'Stationery Items Stock Sheet '!L77 -> 0 | M86: 200 | N86: =M86*L86 -> 0
K87: UHU Stick (Small) | L87: =+'Stationery Items Stock Sheet '!L78 -> 0 | M87: 130 | N87: =M87*L87 -> 0
K88: Vehicle Log Book | L88: =+'Stationery Items Stock Sheet '!L79 -> 0 | M88: 400 | N88: =M88*L88 -> 0
K89: Whitner (Correction Pen) | L89: =+'Stationery Items Stock Sheet '!L80 -> 1 | M89: 50 | N89: =M89*L89 -> 50
K90: Writing Pad (Small) | L90: =+'Stationery Items Stock Sheet '!L82 -> 0 | M90: 60 | N90: =M90*L90 -> 0
K91: Grand Total | N91: =SUM(N6:N90) -> 14945
